feature_1,feature_2,feature_5,feature_9,feature_10
0.0073846657999541,0.0047684242206522,-0.8863506469754856,12.349001041843112,-176.3040155362734
0.0038857860453096,0.0693691924693043,0.0490554116629668,9.609581519079429,32.16978061960136
-0.0023893209916969,-0.0102071071605405,0.9683922841850306,35.877433464892086,-43.16203127180484
-0.0071883238760873,0.0207302153804093,0.055004169354433,56.71462238363794,98.54496856152184
0.0057200627830047,-0.0196094873451178,-0.2673362329885019,-13.956465331633952,-30.561911106831296
